{"e2e_model": {"latency_ms_p50": 14815.497636795044, "latency_ms_p90": 14902.283024787903, "latency_ms_p95": 14904.141664505005, "latency_ms_p99": 14932.057046890259, "latency_ms_p100": 14939.035892486572, "latency_ms_avg": 14810.275518894196, "throughput": 43.21324064387057}, "context_encoding_model": {"latency_ms_p50": 410.69483757019043, "latency_ms_p90": 410.87799072265625, "latency_ms_p95": 410.94343662261963, "latency_ms_p99": 410.98583698272705, "latency_ms_p100": 410.9964370727539, "latency_ms_avg": 410.69438457489014, "throughput": 48.6980118335487}, "token_generation_model": {"latency_ms_p50": 11.448144912719727, "latency_ms_p90": 11.643648147583008, "latency_ms_p95": 11.71804666519165, "latency_ms_p99": 11.856367588043213, "latency_ms_p100": 12.184381484985352, "latency_ms_avg": 11.453106580527804, "throughput": 87.45360936291405}}