{"e2e_model": {"latency_ms_p50": 3417.6111221313477, "latency_ms_p90": 3433.4370613098145, "latency_ms_p95": 3444.9748873710632, "latency_ms_p99": 3447.2976660728455, "latency_ms_p100": 3447.878360748291, "latency_ms_avg": 3411.121344566345, "throughput": 187.62158696566775}, "context_encoding_model": {"latency_ms_p50": 455.57844638824463, "latency_ms_p90": 455.83934783935547, "latency_ms_p95": 455.8421850204468, "latency_ms_p99": 455.8592176437378, "latency_ms_p100": 455.86347579956055, "latency_ms_avg": 455.58815002441406, "throughput": 1123.8220308683685}, "token_generation_model": {"latency_ms_p50": 11.40737533569336, "latency_ms_p90": 11.579275131225586, "latency_ms_p95": 11.655116081237793, "latency_ms_p99": 11.7702317237854, "latency_ms_p100": 11.937618255615234, "latency_ms_avg": 11.417835152993991, "throughput": 88.27190113037726}}