{"e2e_model": {"latency_ms_p50": 14652.881026268005, "latency_ms_p90": 14794.779253005981, "latency_ms_p95": 14845.449030399323, "latency_ms_p99": 14856.343567371368, "latency_ms_p100": 14859.06720161438, "latency_ms_avg": 14660.100817680359, "throughput": 43.65590714274951}, "context_encoding_model": {"latency_ms_p50": 410.5069637298584, "latency_ms_p90": 410.6689214706421, "latency_ms_p95": 410.7343077659607, "latency_ms_p99": 410.8051562309265, "latency_ms_p100": 410.82286834716797, "latency_ms_avg": 410.5178952217102, "throughput": 48.71894802344369}, "token_generation_model": {"latency_ms_p50": 11.397838592529297, "latency_ms_p90": 11.56618595123291, "latency_ms_p95": 11.636018753051758, "latency_ms_p99": 11.770498752593992, "latency_ms_p100": 12.232303619384766, "latency_ms_avg": 11.398177713107602, "throughput": 87.87505635514594}}