{"e2e_model": {"latency_ms_p50": 14870.0110912323, "latency_ms_p90": 15049.058198928833, "latency_ms_p95": 15074.175071716309, "latency_ms_p99": 15074.446144104004, "latency_ms_p100": 15074.513912200928, "latency_ms_avg": 14883.567082881927, "throughput": 43.00044447920585}, "context_encoding_model": {"latency_ms_p50": 410.6309413909912, "latency_ms_p90": 410.79089641571045, "latency_ms_p95": 410.7996940612793, "latency_ms_p99": 410.8062171936035, "latency_ms_p100": 410.80784797668457, "latency_ms_avg": 410.62391996383667, "throughput": 48.70636859577344}, "token_generation_model": {"latency_ms_p50": 11.466741561889648, "latency_ms_p90": 11.654877662658691, "latency_ms_p95": 11.731624603271484, "latency_ms_p99": 11.856555938720703, "latency_ms_p100": 12.118339538574219, "latency_ms_avg": 11.471243936911538, "throughput": 87.3153351453329}}