{"e2e_model": {"latency_ms_p50": 3283.9181423187256, "latency_ms_p90": 3428.0712127685547, "latency_ms_p95": 3445.61448097229, "latency_ms_p99": 3447.7982807159424, "latency_ms_p100": 3448.3442306518555, "latency_ms_avg": 3281.4033031463623, "throughput": 195.03850666156708}, "context_encoding_model": {"latency_ms_p50": 455.84070682525635, "latency_ms_p90": 456.0971260070801, "latency_ms_p95": 456.1042904853821, "latency_ms_p99": 456.1479592323303, "latency_ms_p100": 456.1588764190674, "latency_ms_avg": 455.8404326438904, "throughput": 1123.2000571568042}, "token_generation_model": {"latency_ms_p50": 11.426687240600586, "latency_ms_p90": 11.573576927185059, "latency_ms_p95": 11.637270450592041, "latency_ms_p99": 11.800765991210938, "latency_ms_p100": 12.412786483764648, "latency_ms_avg": 11.424968655653826, "throughput": 88.2167860696291}}