{"e2e_model": {"latency_ms_p50": 14486.874103546143, "latency_ms_p90": 14572.76017665863, "latency_ms_p95": 14638.187062740326, "latency_ms_p99": 14643.204619884491, "latency_ms_p100": 14644.459009170532, "latency_ms_avg": 14457.901310920715, "throughput": 44.26645238728934}, "context_encoding_model": {"latency_ms_p50": 410.159707069397, "latency_ms_p90": 410.39204597473145, "latency_ms_p95": 410.4035973548889, "latency_ms_p99": 410.4813313484192, "latency_ms_p100": 410.50076484680176, "latency_ms_avg": 410.19928455352783, "throughput": 48.75678908550157}, "token_generation_model": {"latency_ms_p50": 10.999202728271484, "latency_ms_p90": 11.104106903076172, "latency_ms_p95": 11.131536960601807, "latency_ms_p99": 11.200678348541258, "latency_ms_p100": 11.507749557495117, "latency_ms_avg": 10.989980127584182, "throughput": 91.13897361573063}}